,title,href
0,Computer system,/wiki/Computer_system
1,Computer network,/wiki/Computer_network
2,Computer hardware,/wiki/Computer_hardware
3,Software,/wiki/Software
4,Data (computing),/wiki/Data_(computing)
5,Denial-of-service attack,/wiki/Denial-of-service_attack
6,Computer systems,/wiki/Computer_systems
7,Internet,/wiki/Internet
8,Wireless network,/wiki/Wireless_network
9,Bluetooth,/wiki/Bluetooth
10,Wi-Fi,/wiki/Wi-Fi
11,Smart device,/wiki/Smart_device
12,Smartphone,/wiki/Smartphone
13,Television,/wiki/Television
14,Internet of things,/wiki/Internet_of_things
15,Electric power distribution,/wiki/Electric_power_distribution
16,Election security,/wiki/Election_security
17,Common Vulnerabilities and Exposures,/wiki/Common_Vulnerabilities_and_Exposures
18,Exploit (computer security),/wiki/Exploit_(computer_security)
19,Automated threat,/wiki/Automated_threat
20,United Kingdom Government,/wiki/United_Kingdom_Government
21,Small and medium-sized enterprises,/wiki/Small_and_medium-sized_enterprises
22,Phishing,/wiki/Phishing
23,Ransomware,/wiki/Ransomware
24,Watering hole attack,/wiki/Watering_hole_attack
25,Threat (computer),/wiki/Threat_(computer)
26,Backdoor (computing),/wiki/Backdoor_(computing)
27,Cryptosystem,/wiki/Cryptosystem
28,Algorithm,/wiki/Algorithm
29,Authentication,/wiki/Authentication
30,Cybercrime,/wiki/Cybercrime
31,Malware,/wiki/Malware
32,Operating system,/wiki/Operating_system
33,Denial-of-service attacks,/wiki/Denial-of-service_attacks
34,IP address,/wiki/IP_address
35,Denial-of-service attack,/wiki/Denial-of-service_attack#Distributed_DoS
36,Zombie computer,/wiki/Zombie_computer
37,Botnet,/wiki/Botnet
38,Denial-of-service attack,/wiki/Denial-of-service_attack#Reflected_attack
39,Computer worm,/wiki/Computer_worm
40,Keystroke logging,/wiki/Keystroke_logging
41,Covert listening device,/wiki/Covert_listening_device
42,CD-ROM,/wiki/CD-ROM
43,Disk encryption,/wiki/Disk_encryption
44,Trusted Platform Module,/wiki/Trusted_Platform_Module
45,DMA attack,/wiki/DMA_attack
46,Eavesdropping,/wiki/Eavesdropping
47,Malware,/wiki/Malware
48,Virtual private network,/wiki/Virtual_private_network
49,HTTPS,/wiki/HTTPS
50,HTTP,/wiki/HTTP
51,Carnivore (FBI),/wiki/Carnivore_(FBI)
52,Narus (company),/wiki/Narus_(company)
53,Federal Bureau of Investigation,/wiki/Federal_Bureau_of_Investigation
54,Internet service provider,/wiki/Internet_service_provider
55,Electromagnetism,/wiki/Electromagnetism
56,Tempest (codename),/wiki/Tempest_(codename)
57,Malware,/wiki/Malware
58,Ransomware,/wiki/Ransomware
59,Bitcoin,/wiki/Bitcoin
60,Phishing,/wiki/Phishing
61,Email spoofing,/wiki/Email_spoofing
62,Instant messaging,/wiki/Instant_messaging
63,Text messaging,/wiki/Text_messaging
64,Telephone call,/wiki/Telephone_call
65,Look and feel,/wiki/Look_and_feel
66,Social engineering (security),/wiki/Social_engineering_(security)
67,Privilege escalation,/wiki/Privilege_escalation
68,Vulnerability (computing),/wiki/Vulnerability_(computing)
69,Superuser,/wiki/Superuser
70,Ransomware,/wiki/Ransomware
71,Social engineering (security),/wiki/Social_engineering_(security)
72,Phishing,/wiki/Phishing
73,Cold boot attack,/wiki/Cold_boot_attack
74,Social engineering (security),/wiki/Social_engineering_(security)
75,Cognitive bias,/wiki/Cognitive_bias
76,Phishing,/wiki/Phishing
77,FBI,/wiki/FBI
78,Business email compromise,/wiki/Business_email_compromise
79,Milwaukee Bucks,/wiki/Milwaukee_Bucks
80,NBA,/wiki/NBA
81,Peter Feigin (page does not exist),/w/index.php?title=Peter_Feigin&action=edit&redlink=1
82,Form W-2,/wiki/Form_W-2
83,Phishing,/wiki/Phishing
84,Trellix,/wiki/Trellix
85,Tampering (crime),/wiki/Tampering_(crime)
86,Evasion (network security),/wiki/Evasion_(network_security)
87,Evil Maid attack,/wiki/Evil_Maid_attack
88,Surveillance,/wiki/Surveillance
89,HTML,/wiki/HTML
90,HTML,/wiki/HTML
91,Content filter,/wiki/Content_filter
92,Information security,/wiki/Information_security
93,Countermeasure (computer),/wiki/Countermeasure_(computer)
94,Attack (computing),/wiki/Attack_(computing)
95,Firewall (computing),/wiki/Firewall_(computing)
96,Exit procedure,/wiki/Exit_procedure
97,Internet,/wiki/Internet
98,Network stack,/wiki/Network_stack
99,UNIX,/wiki/UNIX
